date;heure;SO2;NO2;O3
;;microg/m3;microg/m3;microg/m3
10/08/2018;1;1;3;59
10/08/2018;2;1;2;60
10/08/2018;3;1;3;58
10/08/2018;4;1;5;51
10/08/2018;5;1;3;57
10/08/2018;6;1;5;56
10/08/2018;7;1;11;51
10/08/2018;8;1;18;40
10/08/2018;9;1;10;55
10/08/2018;10;1;7;62
10/08/2018;11;1;4;66
10/08/2018;12;1;4;70
10/08/2018;13;1;2;75
10/08/2018;14;1;3;78
10/08/2018;15;1;4;80
10/08/2018;16;1;5;80
10/08/2018;17;1;3;78
10/08/2018;18;1;4;77
10/08/2018;19;1;5;76
10/08/2018;20;1;6;74
10/08/2018;21;1;4;74
10/08/2018;22;1;4;69
10/08/2018;23;1;6;62
10/08/2018;24;1;3;63
11/08/2018;1;1;2;60
11/08/2018;2;1;2;58
11/08/2018;3;1;2;60
11/08/2018;4;1;2;56
11/08/2018;5;1;3;52
11/08/2018;6;1;4;50
11/08/2018;7;1;7;43
11/08/2018;8;1;5;47
11/08/2018;9;1;5;48
11/08/2018;10;2;3;56
11/08/2018;11;2;4;67
11/08/2018;12;2;4;64
11/08/2018;13;2;4;64
11/08/2018;14;2;6;59
11/08/2018;15;2;5;84
11/08/2018;16;2;6;77
11/08/2018;17;2;9;68
11/08/2018;18;2;10;60
11/08/2018;19;2;12;62
11/08/2018;20;2;12;80
11/08/2018;21;2;13;88
11/08/2018;22;3;20;85
11/08/2018;23;3;15;85
11/08/2018;24;3;13;87
12/08/2018;1;4;8;95
12/08/2018;2;1;4;105
12/08/2018;3;1;4;104
12/08/2018;4;1;4;95
12/08/2018;5;1;3;81
12/08/2018;6;1;4;83
12/08/2018;7;1;4;81
12/08/2018;8;1;10;68
12/08/2018;9;1;9;74
12/08/2018;10;1;8;82
12/08/2018;11;1;5;90
12/08/2018;12;1;6;96
12/08/2018;13;1;6;96
12/08/2018;14;1;5;91
12/08/2018;15;1;4;89
12/08/2018;16;1;4;95
12/08/2018;17;1;4;97
12/08/2018;18;1;4;95
12/08/2018;19;1;7;70
12/08/2018;20;2;10;68
12/08/2018;21;2;3;95
12/08/2018;22;2;6;82
12/08/2018;23;1;18;55
12/08/2018;24;1;16;58
13/08/2018;1;1;11;66
13/08/2018;2;1;7;54
13/08/2018;3;0;4;54
13/08/2018;4;0;4;46
13/08/2018;5;0;3;49
13/08/2018;6;0;5;49
13/08/2018;7;1;7;44
13/08/2018;8;0;5;45
13/08/2018;9;1;5;46
13/08/2018;10;1;5;39
13/08/2018;11;1;4;48
13/08/2018;12;1;3;48
13/08/2018;13;0;2;53
13/08/2018;14;1;3;57
13/08/2018;15;1;3;61
13/08/2018;16;1;4;52
13/08/2018;17;1;4;58
13/08/2018;18;1;5;47
13/08/2018;19;1;5;49
13/08/2018;20;1;5;42
13/08/2018;21;1;6;44
13/08/2018;22;1;5;46
13/08/2018;23;1;4;52
13/08/2018;24;1;2;59
14/08/2018;1;1;1;56
14/08/2018;2;1;2;53
14/08/2018;3;1;3;49
14/08/2018;4;1;4;45
14/08/2018;5;1;4;43
14/08/2018;6;0;4;44
14/08/2018;7;0;7;38
14/08/2018;8;1;8;36
14/08/2018;9;1;10;33
14/08/2018;10;1;9;38
14/08/2018;11;1;7;51
14/08/2018;12;1;6;65
14/08/2018;13;1;4;76
14/08/2018;14;1;5;74
14/08/2018;15;1;4;80
14/08/2018;16;1;4;78
14/08/2018;17;1;4;77
14/08/2018;18;1;4;69
14/08/2018;19;1;4;61
14/08/2018;20;1;4;61
14/08/2018;21;1;6;53
14/08/2018;22;2;7;50
14/08/2018;23;1;6;51
14/08/2018;24;1;7;50
15/08/2018;1;1;6;47
15/08/2018;2;1;6;43
15/08/2018;3;1;4;44
15/08/2018;4;1;3;54
15/08/2018;5;1;3;44
15/08/2018;6;1;4;38
15/08/2018;7;1;6;32
15/08/2018;8;1;5;45
15/08/2018;9;1;4;45
15/08/2018;10;1;4;49
15/08/2018;11;1;4;54
15/08/2018;12;1;3;60
15/08/2018;13;1;3;64
15/08/2018;14;1;5;57
15/08/2018;15;1;5;68
15/08/2018;16;1;7;51
15/08/2018;17;1;12;57
15/08/2018;18;1;8;62
15/08/2018;19;1;7;72
15/08/2018;20;1;14;61
15/08/2018;21;2;22;70
15/08/2018;22;1;13;74
15/08/2018;23;1;24;61
15/08/2018;24;1;11;65
16/08/2018;1;1;15;49
16/08/2018;2;1;16;44
16/08/2018;3;1;31;32
16/08/2018;4;1;31;36
16/08/2018;5;1;42;23
16/08/2018;6;1;46;22
16/08/2018;7;1;22;48
16/08/2018;8;1;42;32
16/08/2018;9;1;36;41
16/08/2018;10;1;28;51
16/08/2018;11;1;13;72
16/08/2018;12;1;8;86
16/08/2018;13;1;8;99
16/08/2018;14;1;9;101
16/08/2018;15;1;6;109
16/08/2018;16;2;7;104
16/08/2018;17;2;6;101
16/08/2018;18;2;7;88
16/08/2018;19;1;6;66
16/08/2018;20;1;6;56
16/08/2018;21;1;6;46
16/08/2018;22;1;5;40
16/08/2018;23;1;4;43
16/08/2018;24;1;3;43
17/08/2018;1;1;4;43
17/08/2018;2;1;4;43
17/08/2018;3;1;3;45
17/08/2018;4;1;3;48
17/08/2018;5;1;6;49
17/08/2018;6;1;9;42
17/08/2018;7;1;13;34
17/08/2018;8;1;15;30
17/08/2018;9;1;11;33
17/08/2018;10;1;9;38
17/08/2018;11;1;7;44
17/08/2018;12;1;6;54
17/08/2018;13;1;7;50
17/08/2018;14;1;6;52
17/08/2018;15;1;6;49
17/08/2018;16;1;6;53
17/08/2018;17;1;8;49
17/08/2018;18;1;7;52
17/08/2018;19;1;7;50
17/08/2018;20;1;6;51
17/08/2018;21;1;7;52
17/08/2018;22;1;7;50
17/08/2018;23;1;6;50
17/08/2018;24;1;8;49
18/08/2018;1;1;6;48
18/08/2018;2;1;6;48
18/08/2018;3;0;5;53
18/08/2018;4;0;3;59
18/08/2018;5;1;5;56
18/08/2018;6;0;2;69
18/08/2018;7;2;3;67
18/08/2018;8;2;9;52
18/08/2018;9;1;4;63
18/08/2018;10;1;3;69
18/08/2018;11;1;4;69
18/08/2018;12;1;4;70
18/08/2018;13;1;4;65
18/08/2018;14;1;4;67
18/08/2018;15;1;5;63
18/08/2018;16;1;4;59
18/08/2018;17;1;5;54
18/08/2018;18;1;5;51
18/08/2018;19;1;5;44
18/08/2018;20;1;7;45
18/08/2018;21;1;7;46
18/08/2018;22;1;8;47
18/08/2018;23;0;15;41
18/08/2018;24;1;15;43
19/08/2018;1;1;14;47
19/08/2018;2;1;18;42
19/08/2018;3;0;20;38
19/08/2018;4;1;32;24
19/08/2018;5;0;34;24
19/08/2018;6;1;29;34
19/08/2018;7;1;9;58
19/08/2018;8;0;5;56
19/08/2018;9;0;6;60
19/08/2018;10;1;4;64
19/08/2018;11;0;4;70
19/08/2018;12;0;4;76
19/08/2018;13;0;5;76
19/08/2018;14;0;4;75
19/08/2018;15;1;3;73
19/08/2018;16;1;3;70
19/08/2018;17;1;3;70
19/08/2018;18;1;3;70
19/08/2018;19;1;5;56
19/08/2018;20;1;4;53
19/08/2018;21;0;6;51
19/08/2018;22;0;4;34
19/08/2018;23;1;4;29
19/08/2018;24;1;4;28
20/08/2018;1;1;4;30
20/08/2018;2;1;4;23
20/08/2018;3;1;4;30
20/08/2018;4;1;4;25
20/08/2018;5;1;4;26
20/08/2018;6;1;7;23
20/08/2018;7;1;6;20
20/08/2018;8;1;10;18
20/08/2018;9;n/d;8;n/d
20/08/2018;10;2;8;31
20/08/2018;11;2;8;37
20/08/2018;12;2;7;38
20/08/2018;13;2;6;43
20/08/2018;14;2;6;42
20/08/2018;15;2;7;36
20/08/2018;16;2;11;31
20/08/2018;17;2;13;31
20/08/2018;18;2;14;33
20/08/2018;19;2;10;37
20/08/2018;20;2;10;41
20/08/2018;21;2;9;41
20/08/2018;22;2;10;39
20/08/2018;23;0;8;38
20/08/2018;24;0;11;35
21/08/2018;1;0;12;34
21/08/2018;2;0;9;34
21/08/2018;3;0;8;33
21/08/2018;4;0;6;33
21/08/2018;5;0;15;24
21/08/2018;6;0;25;18
21/08/2018;7;0;36;8
21/08/2018;8;0;39;8
21/08/2018;9;1;33;11
21/08/2018;10;0;26;18
21/08/2018;11;0;25;23
21/08/2018;12;1;21;41
21/08/2018;13;1;17;42
21/08/2018;14;1;14;38
21/08/2018;15;1;15;41
21/08/2018;16;1;13;50
21/08/2018;17;1;12;45
21/08/2018;18;1;13;41
21/08/2018;19;1;14;40
21/08/2018;20;1;15;36
21/08/2018;21;1;17;35
21/08/2018;22;1;16;36
21/08/2018;23;0;14;39
21/08/2018;24;0;21;33
22/08/2018;1;0;30;23
22/08/2018;2;0;17;38
22/08/2018;3;1;7;43
22/08/2018;4;1;7;34
22/08/2018;5;1;9;36
22/08/2018;6;1;4;51
22/08/2018;7;1;21;29
22/08/2018;8;1;37;16
22/08/2018;9;1;43;16
22/08/2018;10;1;41;26
22/08/2018;11;1;30;44
22/08/2018;12;1;23;56
22/08/2018;13;1;22;61
22/08/2018;14;2;17;65
22/08/2018;15;2;8;100
22/08/2018;16;2;9;71
22/08/2018;17;2;10;57
22/08/2018;18;2;8;53
22/08/2018;19;1;9;53
22/08/2018;20;1;11;56
22/08/2018;21;1;8;69
22/08/2018;22;1;9;64
22/08/2018;23;1;11;54
22/08/2018;24;1;14;47
23/08/2018;1;1;11;42
23/08/2018;2;1;8;42
23/08/2018;3;1;9;29
23/08/2018;4;1;7;28
23/08/2018;5;1;8;28
23/08/2018;6;1;13;26
23/08/2018;7;1;18;21
23/08/2018;8;1;17;23
23/08/2018;9;1;14;25
23/08/2018;10;1;14;26
23/08/2018;11;1;11;45
23/08/2018;12;1;8;60
23/08/2018;13;1;7;66
23/08/2018;14;1;5;67
23/08/2018;15;1;5;64
23/08/2018;16;1;4;50
23/08/2018;17;1;4;50
23/08/2018;18;1;6;53
23/08/2018;19;1;5;54
23/08/2018;20;1;7;37
23/08/2018;21;1;6;42
23/08/2018;22;1;5;40
23/08/2018;23;0;3;45
23/08/2018;24;0;4;54
24/08/2018;1;0;n/d;56
24/08/2018;2;0;n/d;56
24/08/2018;3;0;n/d;54
24/08/2018;4;0;n/d;50
24/08/2018;5;0;n/d;46
24/08/2018;6;0;n/d;42
24/08/2018;7;0;n/d;43
24/08/2018;8;0;n/d;43
24/08/2018;9;0;n/d;46
24/08/2018;10;0;n/d;52
24/08/2018;11;0;n/d;56
24/08/2018;12;0;n/d;60
24/08/2018;13;0;n/d;63
24/08/2018;14;0;n/d;63
24/08/2018;15;0;n/d;67
24/08/2018;16;0;n/d;68
24/08/2018;17;0;n/d;70
24/08/2018;18;0;n/d;72
24/08/2018;19;0;n/d;60
24/08/2018;20;0;n/d;64
24/08/2018;21;0;n/d;59
24/08/2018;22;0;n/d;62
24/08/2018;23;1;n/d;59
24/08/2018;24;1;n/d;60
25/08/2018;1;0;n/d;59
25/08/2018;2;0;n/d;61
25/08/2018;3;0;n/d;60
25/08/2018;4;0;n/d;59
25/08/2018;5;0;n/d;61
25/08/2018;6;0;n/d;58
25/08/2018;7;0;n/d;52
25/08/2018;8;0;n/d;50
25/08/2018;9;1;n/d;51
25/08/2018;10;1;n/d;52
25/08/2018;11;1;n/d;52
25/08/2018;12;1;n/d;54
25/08/2018;13;1;n/d;62
25/08/2018;14;1;n/d;54
25/08/2018;15;0;n/d;57
25/08/2018;16;1;n/d;67
25/08/2018;17;0;n/d;57
25/08/2018;18;0;n/d;54
25/08/2018;19;0;n/d;51
25/08/2018;20;0;n/d;47
25/08/2018;21;0;n/d;44
25/08/2018;22;0;n/d;44
25/08/2018;23;1;n/d;40
25/08/2018;24;1;n/d;44
26/08/2018;1;1;n/d;43
26/08/2018;2;1;n/d;55
26/08/2018;3;1;n/d;52
26/08/2018;4;1;n/d;30
26/08/2018;5;1;n/d;29
26/08/2018;6;1;n/d;57
26/08/2018;7;1;n/d;61
26/08/2018;8;1;n/d;52
26/08/2018;9;1;n/d;55
26/08/2018;10;1;n/d;66
26/08/2018;11;1;n/d;78
26/08/2018;12;0;n/d;82
26/08/2018;13;0;n/d;84
26/08/2018;14;0;n/d;87
26/08/2018;15;0;n/d;86
26/08/2018;16;0;n/d;84
26/08/2018;17;0;n/d;84
26/08/2018;18;0;n/d;81
26/08/2018;19;0;n/d;80
26/08/2018;20;0;n/d;75
26/08/2018;21;0;n/d;69
26/08/2018;22;0;n/d;68
26/08/2018;23;1;n/d;66
26/08/2018;24;1;n/d;62
27/08/2018;1;1;n/d;60
27/08/2018;2;1;n/d;53
27/08/2018;3;1;n/d;54
27/08/2018;4;1;n/d;50
27/08/2018;5;1;n/d;48
27/08/2018;6;1;n/d;41
27/08/2018;7;1;n/d;45
27/08/2018;8;1;n/d;58
27/08/2018;9;2;n/d;50
27/08/2018;10;2;n/d;50
27/08/2018;11;2;n/d;59
27/08/2018;12;2;n/d;55
27/08/2018;13;2;n/d;63
27/08/2018;14;2;n/d;71
27/08/2018;15;2;n/d;73
27/08/2018;16;3;n/d;77
27/08/2018;17;3;n/d;55
27/08/2018;18;3;n/d;52
27/08/2018;19;3;n/d;56
27/08/2018;20;2;n/d;55
27/08/2018;21;3;n/d;50
27/08/2018;22;2;n/d;50
27/08/2018;23;1;n/d;44
27/08/2018;24;1;n/d;44
28/08/2018;1;1;n/d;45
28/08/2018;2;1;n/d;49
28/08/2018;3;1;n/d;48
28/08/2018;4;1;n/d;48
28/08/2018;5;1;n/d;49
28/08/2018;6;1;n/d;55
28/08/2018;7;1;n/d;56
28/08/2018;8;1;n/d;46
28/08/2018;9;1;n/d;38
28/08/2018;10;1;n/d;43
28/08/2018;11;1;n/d;47
28/08/2018;12;1;n/d;74
28/08/2018;13;1;n/d;75
28/08/2018;14;1;n/d;71
28/08/2018;15;2;n/d;105
28/08/2018;16;2;n/d;111
28/08/2018;17;2;n/d;113
28/08/2018;18;1;n/d;106
28/08/2018;19;1;n/d;101
28/08/2018;20;3;n/d;99
28/08/2018;21;1;n/d;96
28/08/2018;22;1;n/d;95
28/08/2018;23;1;n/d;97
28/08/2018;24;1;n/d;91
29/08/2018;1;1;n/d;86
29/08/2018;2;1;n/d;69
29/08/2018;3;1;n/d;69
29/08/2018;4;0;n/d;63
29/08/2018;5;1;n/d;60
29/08/2018;6;1;n/d;63
29/08/2018;7;1;n/d;38
29/08/2018;8;1;n/d;32
29/08/2018;9;1;n/d;49
29/08/2018;10;1;n/d;70
29/08/2018;11;1;n/d;78
29/08/2018;12;1;n/d;78
29/08/2018;13;1;n/d;47
29/08/2018;14;1;n/d;52
29/08/2018;15;1;n/d;69
29/08/2018;16;1;n/d;76
29/08/2018;17;1;n/d;69
29/08/2018;18;1;n/d;63
29/08/2018;19;1;n/d;60
29/08/2018;20;1;n/d;61
29/08/2018;21;1;n/d;61
29/08/2018;22;1;n/d;62
29/08/2018;23;1;n/d;62
29/08/2018;24;1;n/d;58
30/08/2018;1;1;n/d;51
30/08/2018;2;1;n/d;50
30/08/2018;3;1;n/d;49
30/08/2018;4;1;n/d;43
30/08/2018;5;1;n/d;37
30/08/2018;6;1;n/d;24
30/08/2018;7;1;n/d;22
30/08/2018;8;1;n/d;17
30/08/2018;9;1;n/d;20
30/08/2018;10;1;n/d;33
30/08/2018;11;n/d;n/d;n/d
30/08/2018;12;n/d;n/d;n/d
30/08/2018;13;1;25;51
30/08/2018;14;1;40;41
30/08/2018;15;1;37;47
30/08/2018;16;1;34;50
30/08/2018;17;1;30;56
30/08/2018;18;1;51;36
30/08/2018;19;1;63;28
30/08/2018;20;1;30;52
30/08/2018;21;1;44;34
30/08/2018;22;1;25;44
30/08/2018;23;1;15;55
30/08/2018;24;1;19;52
31/08/2018;1;1;15;54
31/08/2018;2;1;12;54
31/08/2018;3;1;10;54
31/08/2018;4;1;11;49
31/08/2018;5;1;14;50
31/08/2018;6;1;16;53
31/08/2018;7;1;24;48
31/08/2018;8;1;37;36
31/08/2018;9;1;38;40
31/08/2018;10;1;27;53
31/08/2018;11;1;22;61
31/08/2018;12;2;19;67
31/08/2018;13;1;20;68
31/08/2018;14;1;16;75
31/08/2018;15;1;18;76
31/08/2018;16;1;13;80
31/08/2018;17;1;13;79
31/08/2018;18;1;14;79
31/08/2018;19;1;13;77
31/08/2018;20;2;15;73
31/08/2018;21;1;23;65
31/08/2018;22;1;14;69
31/08/2018;23;1;16;69
31/08/2018;24;1;13;70
01/09/2018;1;1;9;73
01/09/2018;2;1;5;74
01/09/2018;3;1;5;71
01/09/2018;4;1;5;70
01/09/2018;5;1;5;70
01/09/2018;6;1;9;66
01/09/2018;7;1;8;67
01/09/2018;8;1;12;59
01/09/2018;9;1;27;41
01/09/2018;10;1;18;56
01/09/2018;11;1;15;67
01/09/2018;12;1;13;74
01/09/2018;13;1;12;80
01/09/2018;14;1;10;85
01/09/2018;15;1;10;87
01/09/2018;16;1;9;89
01/09/2018;17;1;10;91
01/09/2018;18;1;9;93
01/09/2018;19;1;14;86
01/09/2018;20;1;9;93
01/09/2018;21;1;5;97
01/09/2018;22;1;7;96
01/09/2018;23;2;7;90
01/09/2018;24;2;13;74
02/09/2018;1;1;14;69
02/09/2018;2;1;12;64
02/09/2018;3;1;10;67
02/09/2018;4;2;8;70
02/09/2018;5;1;9;68
02/09/2018;6;2;8;71
02/09/2018;7;1;8;73
02/09/2018;8;2;14;66
02/09/2018;9;2;22;50
02/09/2018;10;2;23;56
02/09/2018;11;2;18;73
02/09/2018;12;2;11;87
02/09/2018;13;2;13;92
02/09/2018;14;2;13;96
02/09/2018;15;2;13;94
02/09/2018;16;2;11;94
02/09/2018;17;2;10;94
02/09/2018;18;2;9;93
02/09/2018;19;2;13;88
02/09/2018;20;2;5;103
02/09/2018;21;1;5;103
02/09/2018;22;1;6;97
02/09/2018;23;1;24;73
02/09/2018;24;1;18;72
03/09/2018;1;1;17;70
03/09/2018;2;1;9;76
03/09/2018;3;1;4;80
03/09/2018;4;1;4;78
03/09/2018;5;1;5;75
03/09/2018;6;1;6;71
03/09/2018;7;1;6;73
03/09/2018;8;2;6;78
03/09/2018;9;2;21;65
03/09/2018;10;2;53;30
03/09/2018;11;3;36;56
03/09/2018;12;3;17;84
03/09/2018;13;3;12;94
03/09/2018;14;3;10;99
03/09/2018;15;2;8;102
03/09/2018;16;2;9;103
03/09/2018;17;2;15;95
03/09/2018;18;2;11;98
03/09/2018;19;3;17;91
03/09/2018;20;3;23;74
03/09/2018;21;3;21;71
03/09/2018;22;2;17;74
03/09/2018;23;1;14;75
03/09/2018;24;1;12;74
04/09/2018;1;1;11;72
04/09/2018;2;1;10;72
04/09/2018;3;1;8;71
04/09/2018;4;1;8;73
04/09/2018;5;1;12;68
04/09/2018;6;1;21;56
04/09/2018;7;1;30;47
04/09/2018;8;1;28;48
04/09/2018;9;1;25;49
04/09/2018;10;1;23;47
04/09/2018;11;1;21;48
04/09/2018;12;1;20;50
04/09/2018;13;1;22;47
04/09/2018;14;1;21;46
04/09/2018;15;1;22;44
04/09/2018;16;1;21;46
04/09/2018;17;1;20;51
04/09/2018;18;1;24;46
04/09/2018;19;1;19;51
04/09/2018;20;1;14;56
04/09/2018;21;1;12;56
04/09/2018;22;2;11;58
04/09/2018;23;0;12;62
04/09/2018;24;0;10;57
05/09/2018;1;0;8;54
05/09/2018;2;0;9;53
05/09/2018;3;0;10;51
05/09/2018;4;0;7;61
05/09/2018;5;0;11;51
05/09/2018;6;0;25;38
05/09/2018;7;0;35;32
05/09/2018;8;0;31;40
05/09/2018;9;0;27;45
05/09/2018;10;0;25;49
05/09/2018;11;1;20;64
05/09/2018;12;1;20;77
05/09/2018;13;1;18;86
05/09/2018;14;1;20;88
05/09/2018;15;1;15;96
05/09/2018;16;1;15;93
05/09/2018;17;1;15;90
05/09/2018;18;1;14;90
05/09/2018;19;1;14;84
05/09/2018;20;1;13;77
05/09/2018;21;1;10;76
05/09/2018;22;1;9;78
05/09/2018;23;0;7;83
05/09/2018;24;0;6;83
06/09/2018;1;0;5;86
06/09/2018;2;0;5;84
06/09/2018;3;0;4;86
06/09/2018;4;0;6;78
06/09/2018;5;0;7;83
06/09/2018;6;0;15;69
06/09/2018;7;0;22;59
06/09/2018;8;0;25;60
06/09/2018;9;0;18;65
06/09/2018;10;0;13;66
06/09/2018;11;0;16;66
06/09/2018;12;0;13;62
06/09/2018;13;0;13;63
06/09/2018;14;0;12;70
06/09/2018;15;0;9;77
06/09/2018;16;0;9;79
06/09/2018;17;0;8;84
06/09/2018;18;0;12;83
06/09/2018;19;0;12;82
06/09/2018;20;0;14;83
06/09/2018;21;0;12;85
06/09/2018;22;0;11;80
06/09/2018;23;1;7;79
06/09/2018;24;1;3;78
07/09/2018;1;0;4;74
07/09/2018;2;0;3;68
07/09/2018;3;0;3;60
07/09/2018;4;0;4;55
07/09/2018;5;0;5;51
07/09/2018;6;0;7;49
07/09/2018;7;0;9;48
07/09/2018;8;0;12;44
07/09/2018;9;0;8;44
07/09/2018;10;0;8;47
07/09/2018;11;0;7;57
07/09/2018;12;1;6;68
07/09/2018;13;0;7;72
07/09/2018;14;1;7;76
07/09/2018;15;1;7;82
07/09/2018;16;1;8;89
07/09/2018;17;1;7;87
07/09/2018;18;1;10;80
07/09/2018;19;1;12;77
07/09/2018;20;1;10;83
07/09/2018;21;1;10;79
07/09/2018;22;1;9;78
07/09/2018;23;3;6;82
07/09/2018;24;3;5;81
08/09/2018;1;3;6;79
08/09/2018;2;3;20;61
08/09/2018;3;2;34;42
08/09/2018;4;2;20;58
08/09/2018;5;2;26;49
08/09/2018;6;2;25;58
08/09/2018;7;2;19;71
08/09/2018;8;2;9;78
08/09/2018;9;1;21;58
08/09/2018;10;1;24;57
08/09/2018;11;1;17;62
08/09/2018;12;1;9;77
08/09/2018;13;1;5;82
08/09/2018;14;1;5;82
08/09/2018;15;1;7;85
08/09/2018;16;1;7;89
08/09/2018;17;1;13;83
08/09/2018;18;1;14;78
08/09/2018;19;1;22;64
08/09/2018;20;1;30;55
08/09/2018;21;1;32;61
08/09/2018;22;1;24;73
08/09/2018;23;2;5;94
08/09/2018;24;2;6;93
09/09/2018;1;2;12;90
09/09/2018;2;2;6;105
09/09/2018;3;2;4;106
09/09/2018;4;2;3;106
09/09/2018;5;2;2;98
09/09/2018;6;2;2;96
09/09/2018;7;2;2;92
09/09/2018;8;2;2;88
09/09/2018;9;2;4;86
09/09/2018;10;2;8;86
09/09/2018;11;2;12;88
09/09/2018;12;2;9;104
09/09/2018;13;3;7;110
09/09/2018;14;2;7;108
09/09/2018;15;2;5;105
09/09/2018;16;3;7;105
09/09/2018;17;3;7;102
09/09/2018;18;3;9;101
09/09/2018;19;2;5;105
09/09/2018;20;3;5;97
09/09/2018;21;3;8;82
09/09/2018;22;2;10;71
09/09/2018;23;1;11;66
09/09/2018;24;1;4;72
10/09/2018;1;1;4;67
10/09/2018;2;1;3;62
10/09/2018;3;1;1;70
10/09/2018;4;1;4;62
10/09/2018;5;1;9;55
10/09/2018;6;1;18;46
10/09/2018;7;1;26;36
10/09/2018;8;1;32;27
10/09/2018;9;1;33;29
10/09/2018;10;1;31;36
10/09/2018;11;2;22;47
10/09/2018;12;2;15;59
10/09/2018;13;3;10;75
10/09/2018;14;2;7;88
10/09/2018;15;2;5;95
10/09/2018;16;2;4;87
10/09/2018;17;2;6;80
10/09/2018;18;2;7;82
10/09/2018;19;2;7;77
10/09/2018;20;2;10;72
10/09/2018;21;1;13;65
10/09/2018;22;2;13;66
10/09/2018;23;1;14;65
10/09/2018;24;2;7;67
11/09/2018;1;2;9;65
11/09/2018;2;1;30;43
11/09/2018;3;1;38;40
11/09/2018;4;2;12;73
11/09/2018;5;3;7;78
11/09/2018;6;2;6;81
11/09/2018;7;1;2;81
11/09/2018;8;1;11;73
11/09/2018;9;1;23;64
11/09/2018;10;1;11;79
11/09/2018;11;1;8;90
11/09/2018;12;1;9;100
11/09/2018;13;1;8;103
11/09/2018;14;1;8;105
11/09/2018;15;1;8;109
11/09/2018;16;1;8;109
11/09/2018;17;1;12;99
11/09/2018;18;1;10;97
11/09/2018;19;1;5;94
11/09/2018;20;1;3;90
11/09/2018;21;1;2;92
11/09/2018;22;1;5;78
11/09/2018;23;0;3;79
11/09/2018;24;0;7;77
12/09/2018;1;0;19;65
12/09/2018;2;0;5;82
12/09/2018;3;0;4;83
12/09/2018;4;0;6;82
12/09/2018;5;0;7;75
12/09/2018;6;0;27;53
12/09/2018;7;0;6;75
12/09/2018;8;0;5;73
12/09/2018;9;0;32;41
12/09/2018;10;0;37;35
12/09/2018;11;0;26;52
12/09/2018;12;0;19;71
12/09/2018;13;0;12;89
12/09/2018;14;1;11;99
12/09/2018;15;1;17;96
12/09/2018;16;1;11;96
12/09/2018;17;1;15;80
12/09/2018;18;1;17;81
12/09/2018;19;0;14;66
12/09/2018;20;0;12;41
12/09/2018;21;0;15;30
12/09/2018;22;0;15;37
12/09/2018;23;1;17;30
12/09/2018;24;0;21;19
13/09/2018;1;0;14;25
13/09/2018;2;0;14;22
13/09/2018;3;1;16;20
13/09/2018;4;1;17;18
13/09/2018;5;0;18;16
13/09/2018;6;0;23;10
13/09/2018;7;0;22;10
13/09/2018;8;0;20;13
13/09/2018;9;0;20;16
13/09/2018;10;0;21;20
13/09/2018;11;0;17;23
13/09/2018;12;0;18;26
13/09/2018;13;0;21;26
13/09/2018;14;0;20;30
13/09/2018;15;1;23;36
13/09/2018;16;0;21;43
13/09/2018;17;1;24;37
13/09/2018;18;1;15;51
13/09/2018;19;1;18;47
13/09/2018;20;1;21;41
13/09/2018;21;1;23;39
13/09/2018;22;1;21;39
13/09/2018;23;0;24;38
13/09/2018;24;0;15;50
14/09/2018;1;0;10;58
14/09/2018;2;0;9;58
14/09/2018;3;0;6;61
14/09/2018;4;0;5;65
14/09/2018;5;0;6;62
14/09/2018;6;0;6;64
14/09/2018;7;0;17;56
14/09/2018;8;0;29;45
14/09/2018;9;0;35;40
14/09/2018;10;0;26;56
14/09/2018;11;0;15;73
14/09/2018;12;0;10;84
14/09/2018;13;0;9;84
14/09/2018;14;0;8;89
14/09/2018;15;0;7;92
14/09/2018;16;0;8;88
14/09/2018;17;0;6;85
14/09/2018;18;0;9;69
14/09/2018;19;0;11;63
14/09/2018;20;0;13;58
14/09/2018;21;0;11;58
14/09/2018;22;0;10;59
14/09/2018;23;2;8;61
14/09/2018;24;2;5;68
15/09/2018;1;2;4;68
15/09/2018;2;1;3;69
15/09/2018;3;1;3;66
15/09/2018;4;1;5;61
15/09/2018;5;1;5;64
15/09/2018;6;1;7;59
15/09/2018;7;1;7;57
15/09/2018;8;2;12;50
15/09/2018;9;3;25;42
15/09/2018;10;4;18;51
15/09/2018;11;4;17;58
15/09/2018;12;3;12;68
15/09/2018;13;3;12;69
15/09/2018;14;3;16;66
15/09/2018;15;2;18;67
15/09/2018;16;2;24;67
15/09/2018;17;2;24;67
15/09/2018;18;2;32;62
15/09/2018;19;2;30;64
15/09/2018;20;2;29;62
15/09/2018;21;2;13;76
15/09/2018;22;1;9;86
15/09/2018;23;2;3;93
15/09/2018;24;2;2;83
16/09/2018;1;6;11;75
16/09/2018;2;2;3;81
16/09/2018;3;2;11;70
16/09/2018;4;2;14;65
16/09/2018;5;4;12;68
16/09/2018;6;3;3;78
16/09/2018;7;2;3;77
16/09/2018;8;2;7;73
16/09/2018;9;3;13;67
16/09/2018;10;2;17;68
16/09/2018;11;3;14;72
16/09/2018;12;3;11;79
16/09/2018;13;2;11;87
16/09/2018;14;3;13;89
16/09/2018;15;3;14;95
16/09/2018;16;2;17;99
16/09/2018;17;3;13;99
16/09/2018;18;2;18;90
16/09/2018;19;2;24;85
16/09/2018;20;2;58;49
16/09/2018;21;3;66;38
16/09/2018;22;3;28;76
16/09/2018;23;1;21;80
16/09/2018;24;1;9;96
17/09/2018;1;1;9;98
17/09/2018;2;2;7;101
17/09/2018;3;2;6;104
17/09/2018;4;1;3;101
17/09/2018;5;1;9;94
17/09/2018;6;1;5;103
17/09/2018;7;1;3;104
17/09/2018;8;1;3;106
17/09/2018;9;1;26;86
17/09/2018;10;1;62;54
17/09/2018;11;1;40;74
17/09/2018;12;1;33;84
17/09/2018;13;1;16;109
17/09/2018;14;1;14;124
17/09/2018;15;1;11;123
17/09/2018;16;1;11;119
17/09/2018;17;1;8;121
17/09/2018;18;1;14;115
17/09/2018;19;1;6;124
17/09/2018;20;1;8;120
17/09/2018;21;1;5;116
17/09/2018;22;1;3;115
17/09/2018;23;1;2;116
17/09/2018;24;1;2;115
18/09/2018;1;1;2;112
18/09/2018;2;2;2;105
18/09/2018;3;2;3;101
18/09/2018;4;1;3;92
18/09/2018;5;2;5;82
18/09/2018;6;2;11;68
18/09/2018;7;1;21;54
18/09/2018;8;1;14;54
18/09/2018;9;1;13;53
18/09/2018;10;1;13;55
18/09/2018;11;2;11;61
18/09/2018;12;2;5;65
18/09/2018;13;2;5;64
18/09/2018;14;2;6;64
18/09/2018;15;2;8;61
18/09/2018;16;2;8;61
18/09/2018;17;2;11;58
18/09/2018;18;2;12;59
18/09/2018;19;2;11;60
18/09/2018;20;2;4;64
18/09/2018;21;2;2;69
18/09/2018;22;2;4;67
18/09/2018;23;0;2;73
18/09/2018;24;0;2;71
19/09/2018;1;1;2;70
19/09/2018;2;1;2;68
19/09/2018;3;1;2;66
19/09/2018;4;1;4;55
19/09/2018;5;1;4;62
19/09/2018;6;1;5;60
19/09/2018;7;1;11;57
19/09/2018;8;1;12;54
19/09/2018;9;1;12;57
19/09/2018;10;1;7;65
19/09/2018;11;1;4;71
19/09/2018;12;1;4;74
19/09/2018;13;1;5;77
19/09/2018;14;1;3;82
19/09/2018;15;1;4;82
19/09/2018;16;1;4;80
19/09/2018;17;1;7;76
19/09/2018;18;1;10;77
19/09/2018;19;1;5;80
19/09/2018;20;1;2;83
19/09/2018;21;1;2;84
19/09/2018;22;1;2;82
19/09/2018;23;1;2;78
19/09/2018;24;1;1;77
20/09/2018;1;1;1;74
20/09/2018;2;1;1;74
20/09/2018;3;1;0;71
20/09/2018;4;1;1;62
20/09/2018;5;1;6;52
20/09/2018;6;1;11;45
20/09/2018;7;1;7;57
20/09/2018;8;1;5;64
20/09/2018;9;1;11;56
20/09/2018;10;1;9;57
20/09/2018;11;1;5;64
20/09/2018;12;1;6;69
20/09/2018;13;1;5;77
20/09/2018;14;1;4;79
20/09/2018;15;1;3;82
20/09/2018;16;1;5;80
20/09/2018;17;1;6;80
20/09/2018;18;1;8;80
20/09/2018;19;1;7;82
20/09/2018;20;1;4;86
20/09/2018;21;1;3;84
20/09/2018;22;1;4;80
20/09/2018;23;0;4;73
20/09/2018;24;0;4;70
21/09/2018;1;1;4;68
21/09/2018;2;1;3;65
21/09/2018;3;1;2;64
21/09/2018;4;1;2;64
21/09/2018;5;1;3;63
21/09/2018;6;0;5;57
21/09/2018;7;1;5;68
21/09/2018;8;1;4;66
21/09/2018;9;1;4;62
21/09/2018;10;1;3;65
21/09/2018;11;1;4;67
21/09/2018;12;1;2;74
21/09/2018;13;1;3;75
21/09/2018;14;1;3;80
21/09/2018;15;1;3;81
21/09/2018;16;1;3;81
21/09/2018;17;0;4;79
21/09/2018;18;n/d;n/d;n/d
21/09/2018;19;n/d;n/d;n/d
21/09/2018;20;n/d;n/d;n/d
21/09/2018;21;n/d;n/d;n/d
21/09/2018;22;n/d;n/d;n/d
21/09/2018;23;n/d;n/d;n/d
21/09/2018;24;n/d;n/d;n/d
22/09/2018;1;n/d;n/d;n/d
22/09/2018;2;n/d;n/d;n/d
22/09/2018;3;n/d;n/d;n/d
22/09/2018;4;n/d;n/d;n/d
22/09/2018;5;n/d;n/d;n/d
22/09/2018;6;n/d;n/d;n/d
22/09/2018;7;n/d;n/d;n/d
22/09/2018;8;n/d;n/d;n/d
22/09/2018;9;n/d;n/d;n/d
22/09/2018;10;n/d;n/d;n/d
22/09/2018;11;n/d;n/d;n/d
22/09/2018;12;n/d;n/d;n/d
22/09/2018;13;n/d;n/d;n/d
22/09/2018;14;n/d;n/d;n/d
22/09/2018;15;n/d;n/d;n/d
22/09/2018;16;n/d;n/d;n/d
22/09/2018;17;n/d;n/d;n/d
22/09/2018;18;n/d;n/d;n/d
22/09/2018;19;n/d;n/d;n/d
22/09/2018;20;n/d;n/d;n/d
22/09/2018;21;n/d;n/d;n/d
22/09/2018;22;n/d;n/d;n/d
22/09/2018;23;n/d;n/d;n/d
22/09/2018;24;n/d;n/d;n/d
23/09/2018;1;n/d;n/d;n/d
23/09/2018;2;n/d;n/d;n/d
23/09/2018;3;n/d;n/d;n/d
23/09/2018;4;n/d;n/d;n/d
23/09/2018;5;n/d;n/d;n/d
23/09/2018;6;n/d;n/d;n/d
23/09/2018;7;n/d;n/d;n/d
23/09/2018;8;n/d;n/d;n/d
23/09/2018;9;n/d;n/d;n/d
23/09/2018;10;n/d;n/d;n/d
23/09/2018;11;n/d;n/d;n/d
23/09/2018;12;n/d;n/d;n/d
23/09/2018;13;n/d;n/d;n/d
23/09/2018;14;n/d;n/d;n/d
23/09/2018;15;n/d;n/d;n/d
23/09/2018;16;n/d;n/d;n/d
23/09/2018;17;n/d;n/d;n/d
23/09/2018;18;n/d;n/d;n/d
23/09/2018;19;n/d;n/d;n/d
23/09/2018;20;n/d;n/d;n/d
23/09/2018;21;n/d;n/d;n/d
23/09/2018;22;n/d;n/d;n/d
23/09/2018;23;n/d;n/d;n/d
23/09/2018;24;n/d;n/d;n/d
24/09/2018;1;n/d;n/d;n/d
24/09/2018;2;n/d;n/d;n/d
24/09/2018;3;n/d;n/d;n/d
24/09/2018;4;n/d;n/d;n/d
24/09/2018;5;n/d;n/d;n/d
24/09/2018;6;n/d;n/d;n/d
24/09/2018;7;n/d;n/d;n/d
24/09/2018;8;n/d;n/d;n/d
24/09/2018;9;n/d;n/d;n/d
24/09/2018;10;n/d;n/d;n/d
24/09/2018;11;n/d;n/d;n/d
24/09/2018;12;n/d;n/d;n/d
24/09/2018;13;n/d;n/d;n/d
24/09/2018;14;n/d;n/d;n/d
24/09/2018;15;n/d;n/d;n/d
24/09/2018;16;n/d;n/d;n/d
24/09/2018;17;n/d;n/d;n/d
24/09/2018;18;n/d;n/d;n/d
24/09/2018;19;n/d;n/d;n/d
24/09/2018;20;n/d;n/d;n/d
24/09/2018;21;n/d;n/d;n/d
24/09/2018;22;n/d;n/d;n/d
24/09/2018;23;n/d;n/d;n/d
24/09/2018;24;n/d;n/d;n/d
25/09/2018;1;n/d;n/d;n/d
25/09/2018;2;n/d;n/d;n/d
25/09/2018;3;n/d;n/d;n/d
25/09/2018;4;n/d;n/d;n/d
25/09/2018;5;n/d;n/d;n/d
25/09/2018;6;n/d;n/d;n/d
25/09/2018;7;n/d;n/d;n/d
25/09/2018;8;n/d;n/d;n/d
25/09/2018;9;n/d;n/d;n/d
25/09/2018;10;n/d;n/d;52
25/09/2018;11;0;n/d;59
25/09/2018;12;0;74;63
25/09/2018;13;0;55;63
25/09/2018;14;0;44;63
25/09/2018;15;0;34;66
25/09/2018;16;0;29;71
25/09/2018;17;0;28;71
25/09/2018;18;0;33;66
25/09/2018;19;0;39;58
25/09/2018;20;0;34;59
25/09/2018;21;0;23;68
25/09/2018;22;0;17;76
25/09/2018;23;1;19;70
25/09/2018;24;1;17;69
26/09/2018;1;1;18;66
26/09/2018;2;0;18;63
26/09/2018;3;0;19;60
26/09/2018;4;0;20;58
26/09/2018;5;0;27;50
26/09/2018;6;0;19;58
26/09/2018;7;0;15;65
26/09/2018;8;0;44;40
26/09/2018;9;1;60;24
26/09/2018;10;1;60;25
26/09/2018;11;1;59;31
26/09/2018;12;1;55;38
26/09/2018;13;1;50;46
26/09/2018;14;1;51;47
26/09/2018;15;1;48;50
26/09/2018;16;1;52;50
26/09/2018;17;1;56;47
26/09/2018;18;1;56;46
26/09/2018;19;1;39;64
26/09/2018;20;0;13;87
26/09/2018;21;0;28;72
26/09/2018;22;0;21;84
26/09/2018;23;5;47;61
26/09/2018;24;2;28;74
27/09/2018;1;1;20;80
27/09/2018;2;n/d;21;82
27/09/2018;3;3;12;93
27/09/2018;4;2;10;99
27/09/2018;5;2;10;98
27/09/2018;6;2;11;97
27/09/2018;7;2;12;88
27/09/2018;8;2;11;97
27/09/2018;9;2;11;101
27/09/2018;10;2;41;76
27/09/2018;11;3;94;32
27/09/2018;12;3;87;42
27/09/2018;13;3;89;44
27/09/2018;14;3;79;56
27/09/2018;15;4;80;62
27/09/2018;16;3;52;103
27/09/2018;17;4;63;89
27/09/2018;18;3;74;72
27/09/2018;19;4;50;94
27/09/2018;20;4;24;112
27/09/2018;21;4;21;113
27/09/2018;22;4;17;115
27/09/2018;23;1;17;116
27/09/2018;24;1;16;114
28/09/2018;1;1;14;115
28/09/2018;2;1;13;115
28/09/2018;3;1;14;111
28/09/2018;4;1;15;108
28/09/2018;5;2;22;99
28/09/2018;6;2;12;115
28/09/2018;7;1;16;99
28/09/2018;8;1;57;43
28/09/2018;9;1;80;21
28/09/2018;10;2;58;35
28/09/2018;11;2;43;41
28/09/2018;12;2;35;52
28/09/2018;13;1;35;64
28/09/2018;14;2;32;77
28/09/2018;15;2;30;67
28/09/2018;16;2;29;58
28/09/2018;17;2;31;53
28/09/2018;18;1;32;49
28/09/2018;19;2;29;50
28/09/2018;20;1;31;45
28/09/2018;21;2;29;44
28/09/2018;22;1;25;44
28/09/2018;23;1;23;43
28/09/2018;24;1;20;46
29/09/2018;1;1;16;47
29/09/2018;2;1;15;47
29/09/2018;3;1;14;46
29/09/2018;4;1;14;47
29/09/2018;5;1;16;42
29/09/2018;6;1;18;41
29/09/2018;7;1;21;39
29/09/2018;8;1;17;46
29/09/2018;9;1;16;49
29/09/2018;10;1;14;55
29/09/2018;11;1;12;60
29/09/2018;12;1;10;65
29/09/2018;13;1;11;66
29/09/2018;14;2;15;68
29/09/2018;15;2;13;72
29/09/2018;16;1;14;70
29/09/2018;17;1;18;69
29/09/2018;18;1;18;67
29/09/2018;19;1;27;57
29/09/2018;20;1;11;70
29/09/2018;21;1;5;74
29/09/2018;22;1;6;75
29/09/2018;23;2;12;67
29/09/2018;24;2;21;51
30/09/2018;1;2;13;57
30/09/2018;2;2;10;61
30/09/2018;3;2;8;66
30/09/2018;4;2;7;67
30/09/2018;5;2;8;65
30/09/2018;6;2;7;64
30/09/2018;7;2;10;58
30/09/2018;8;3;10;61
30/09/2018;9;3;28;36
30/09/2018;10;3;29;35
30/09/2018;11;3;23;44
30/09/2018;12;3;17;57
30/09/2018;13;3;15;60
30/09/2018;14;4;13;64
30/09/2018;15;4;12;71
30/09/2018;16;3;12;74
30/09/2018;17;3;11;83
30/09/2018;18;3;10;86
30/09/2018;19;3;9;83
30/09/2018;20;3;10;84
30/09/2018;21;3;8;85
30/09/2018;22;3;8;81
30/09/2018;23;1;10;74
30/09/2018;24;2;8;73
01/10/2018;1;1;9;66
01/10/2018;2;2;10;56
01/10/2018;3;2;9;63
01/10/2018;4;2;8;65
01/10/2018;5;2;11;62
01/10/2018;6;2;17;52
01/10/2018;7;1;15;56
01/10/2018;8;1;17;n/d
01/10/2018;9;2;16;49
01/10/2018;10;2;11;55
01/10/2018;11;2;10;56
01/10/2018;12;2;8;60
01/10/2018;13;2;9;59
01/10/2018;14;2;8;65
01/10/2018;15;2;8;67
01/10/2018;16;2;7;69
01/10/2018;17;2;10;67
01/10/2018;18;2;12;63
01/10/2018;19;2;11;63
01/10/2018;20;2;13;61
01/10/2018;21;2;12;60
01/10/2018;22;2;11;59
01/10/2018;23;1;14;57
01/10/2018;24;1;9;63
02/10/2018;1;1;9;62
02/10/2018;2;1;5;68
02/10/2018;3;1;4;71
02/10/2018;4;1;6;66
02/10/2018;5;1;7;61
02/10/2018;6;1;12;54
02/10/2018;7;1;16;52
02/10/2018;8;1;17;53
02/10/2018;9;1;16;57
02/10/2018;10;1;13;60
02/10/2018;11;1;14;59
02/10/2018;12;1;13;60
02/10/2018;13;1;13;59
02/10/2018;14;2;15;57
02/10/2018;15;2;16;58
02/10/2018;16;2;18;55
02/10/2018;17;2;22;47
02/10/2018;18;2;19;47
02/10/2018;19;2;18;43
02/10/2018;20;3;12;44
02/10/2018;21;3;11;43
02/10/2018;22;4;11;43
02/10/2018;23;1;10;43
02/10/2018;24;1;11;44
03/10/2018;1;1;11;41
03/10/2018;2;1;11;41
03/10/2018;3;1;10;42
03/10/2018;4;1;11;42
03/10/2018;5;1;11;46
03/10/2018;6;1;11;48
03/10/2018;7;1;14;37
03/10/2018;8;n/d;23;28
03/10/2018;9;n/d;24;28
03/10/2018;10;n/d;22;43
03/10/2018;11;n/d;30;35
03/10/2018;12;n/d;22;43
03/10/2018;13;n/d;20;40
03/10/2018;14;n/d;17;48
03/10/2018;15;n/d;17;50
03/10/2018;16;n/d;14;52
03/10/2018;17;n/d;17;52
03/10/2018;18;3;23;52
03/10/2018;19;3;15;58
03/10/2018;20;3;11;58
03/10/2018;21;3;15;53
03/10/2018;22;3;31;41
03/10/2018;23;1;54;20
03/10/2018;24;1;54;20
04/10/2018;1;1;50;22
04/10/2018;2;1;53;18
04/10/2018;3;1;32;38
04/10/2018;4;1;19;49
04/10/2018;5;1;25;47
04/10/2018;6;0;29;42
04/10/2018;7;0;47;25
04/10/2018;8;1;58;19
04/10/2018;9;2;38;38
04/10/2018;10;7;33;40
04/10/2018;11;5;25;49
04/10/2018;12;2;20;54
04/10/2018;13;3;21;54
04/10/2018;14;3;23;55
04/10/2018;15;2;22;62
04/10/2018;16;2;19;71
04/10/2018;17;1;24;69
04/10/2018;18;1;23;71
04/10/2018;19;1;31;64
04/10/2018;20;1;7;84
04/10/2018;21;1;11;77
04/10/2018;22;1;6;78
04/10/2018;23;2;5;79
04/10/2018;24;2;6;80
05/10/2018;1;3;9;82
05/10/2018;2;3;4;90
05/10/2018;3;2;4;88
05/10/2018;4;2;3;85
05/10/2018;5;1;4;84
05/10/2018;6;1;3;83
05/10/2018;7;1;8;77
05/10/2018;8;2;5;83
05/10/2018;9;1;12;75
05/10/2018;10;2;38;49
05/10/2018;11;2;54;35
05/10/2018;12;2;46;n/d
05/10/2018;13;3;35;n/d
05/10/2018;14;3;27;n/d
05/10/2018;15;3;16;n/d
05/10/2018;16;3;14;n/d
05/10/2018;17;3;11;n/d
05/10/2018;18;3;8;n/d
05/10/2018;19;3;11;n/d
05/10/2018;20;3;14;n/d
05/10/2018;21;3;5;n/d
05/10/2018;22;3;5;n/d
05/10/2018;23;2;4;n/d
05/10/2018;24;1;3;n/d
06/10/2018;1;1;2;n/d
06/10/2018;2;1;2;n/d
06/10/2018;3;1;2;n/d
06/10/2018;4;1;3;n/d
06/10/2018;5;1;2;n/d
06/10/2018;6;2;5;n/d
06/10/2018;7;2;6;n/d
06/10/2018;8;2;7;n/d
06/10/2018;9;2;15;n/d
06/10/2018;10;2;16;n/d
06/10/2018;11;2;13;n/d
06/10/2018;12;3;8;n/d
06/10/2018;13;3;8;n/d
06/10/2018;14;3;6;n/d
06/10/2018;15;3;6;n/d
06/10/2018;16;2;9;n/d
06/10/2018;17;2;11;n/d
06/10/2018;18;2;13;n/d
06/10/2018;19;2;13;n/d
06/10/2018;20;3;20;n/d
06/10/2018;21;2;16;n/d
06/10/2018;22;2;3;n/d
06/10/2018;23;1;12;n/d
06/10/2018;24;1;44;n/d
07/10/2018;1;1;10;n/d
07/10/2018;2;1;6;n/d
07/10/2018;3;1;6;n/d
07/10/2018;4;1;21;n/d
07/10/2018;5;1;18;n/d
07/10/2018;6;1;14;n/d
07/10/2018;7;1;18;n/d
07/10/2018;8;1;22;n/d
07/10/2018;9;1;16;n/d
07/10/2018;10;1;11;n/d
07/10/2018;11;1;12;n/d
07/10/2018;12;1;12;n/d
07/10/2018;13;1;15;n/d
07/10/2018;14;1;15;n/d
07/10/2018;15;1;15;n/d
07/10/2018;16;1;20;n/d
07/10/2018;17;1;19;n/d
07/10/2018;18;1;22;n/d
07/10/2018;19;1;16;n/d
07/10/2018;20;1;14;n/d
07/10/2018;21;1;18;n/d
07/10/2018;22;1;18;n/d
07/10/2018;23;0;10;n/d
07/10/2018;24;0;7;n/d
08/10/2018;1;0;11;n/d
08/10/2018;2;0;12;n/d
08/10/2018;3;0;18;n/d
08/10/2018;4;0;21;n/d
08/10/2018;5;0;20;n/d
08/10/2018;6;0;27;n/d
08/10/2018;7;0;38;n/d
08/10/2018;8;0;30;n/d
08/10/2018;9;1;41;n/d
08/10/2018;10;1;49;n/d
08/10/2018;11;1;23;n/d
08/10/2018;12;1;25;n/d
08/10/2018;13;1;23;n/d
08/10/2018;14;1;25;n/d
08/10/2018;15;1;23;n/d
08/10/2018;16;1;27;n/d
08/10/2018;17;1;24;n/d
08/10/2018;18;1;41;n/d
08/10/2018;19;1;22;n/d
08/10/2018;20;1;18;n/d
08/10/2018;21;1;22;n/d
08/10/2018;22;0;10;n/d
08/10/2018;23;2;24;n/d
08/10/2018;24;2;16;n/d
09/10/2018;1;2;7;n/d
09/10/2018;2;2;5;n/d
09/10/2018;3;2;5;n/d
09/10/2018;4;2;4;n/d
09/10/2018;5;2;5;n/d
09/10/2018;6;1;6;n/d
09/10/2018;7;1;8;n/d
09/10/2018;8;2;14;n/d
09/10/2018;9;5;46;n/d
09/10/2018;10;6;58;n/d
09/10/2018;11;6;48;n/d
09/10/2018;12;5;42;n/d
09/10/2018;13;4;42;n/d
09/10/2018;14;4;28;n/d
09/10/2018;15;5;20;n/d
09/10/2018;16;5;18;n/d
09/10/2018;17;4;22;n/d
09/10/2018;18;3;11;n/d
09/10/2018;19;3;6;n/d
09/10/2018;20;3;5;n/d
09/10/2018;21;3;5;n/d
09/10/2018;22;3;5;n/d
09/10/2018;23;0;7;n/d
09/10/2018;24;1;17;n/d
10/10/2018;1;2;9;n/d
10/10/2018;2;1;8;n/d
10/10/2018;3;1;14;n/d
10/10/2018;4;1;4;n/d
10/10/2018;5;1;4;n/d
10/10/2018;6;1;4;n/d
10/10/2018;7;1;6;n/d
10/10/2018;8;1;6;n/d
10/10/2018;9;2;20;n/d
10/10/2018;10;3;16;n/d
10/10/2018;11;3;46;n/d
10/10/2018;12;3;27;n/d
10/10/2018;13;2;21;n/d
10/10/2018;14;2;15;n/d
10/10/2018;15;2;14;n/d
10/10/2018;16;2;18;n/d
10/10/2018;17;2;20;n/d
10/10/2018;18;2;20;n/d
10/10/2018;19;2;20;n/d
10/10/2018;20;1;17;n/d
10/10/2018;21;1;11;n/d
10/10/2018;22;1;8;n/d
10/10/2018;23;1;5;n/d
10/10/2018;24;1;5;n/d
11/10/2018;1;1;4;n/d
11/10/2018;2;1;4;n/d
11/10/2018;3;1;4;n/d
11/10/2018;4;1;9;n/d
11/10/2018;5;1;12;n/d
11/10/2018;6;1;13;n/d
11/10/2018;7;1;20;n/d
11/10/2018;8;1;20;n/d
11/10/2018;9;1;18;n/d
11/10/2018;10;1;12;n/d
11/10/2018;11;1;10;n/d
11/10/2018;12;1;8;n/d
11/10/2018;13;1;6;n/d
11/10/2018;14;1;6;n/d
11/10/2018;15;1;7;n/d
11/10/2018;16;1;8;n/d
11/10/2018;17;1;9;n/d
11/10/2018;18;1;6;n/d
11/10/2018;19;1;8;n/d
11/10/2018;20;1;6;n/d
11/10/2018;21;1;5;n/d
11/10/2018;22;1;5;n/d
11/10/2018;23;0;4;n/d
11/10/2018;24;0;4;n/d
12/10/2018;1;1;4;n/d
12/10/2018;2;0;4;n/d
12/10/2018;3;1;4;n/d
12/10/2018;4;1;4;n/d
12/10/2018;5;1;6;n/d
12/10/2018;6;1;10;n/d
12/10/2018;7;1;13;n/d
12/10/2018;8;1;15;n/d
12/10/2018;9;1;21;n/d
12/10/2018;10;1;17;n/d
12/10/2018;11;1;13;n/d
12/10/2018;12;1;11;n/d
12/10/2018;13;1;7;n/d
12/10/2018;14;1;5;n/d
12/10/2018;15;1;8;n/d
12/10/2018;16;1;5;n/d
12/10/2018;17;1;7;n/d
12/10/2018;18;1;7;n/d
12/10/2018;19;1;5;n/d
12/10/2018;20;1;3;n/d
12/10/2018;21;1;2;n/d
12/10/2018;22;1;2;n/d
12/10/2018;23;0;2;n/d
12/10/2018;24;0;2;n/d
13/10/2018;1;0;2;n/d
13/10/2018;2;0;2;n/d
13/10/2018;3;0;4;n/d
13/10/2018;4;0;4;n/d
13/10/2018;5;0;4;n/d
13/10/2018;6;0;3;n/d
13/10/2018;7;0;3;n/d
13/10/2018;8;0;5;n/d
13/10/2018;9;1;12;n/d
13/10/2018;10;0;16;n/d
13/10/2018;11;1;14;n/d
13/10/2018;12;1;12;n/d
13/10/2018;13;1;7;n/d
13/10/2018;14;1;6;n/d
13/10/2018;15;1;7;n/d
13/10/2018;16;1;9;n/d
13/10/2018;17;1;10;n/d
13/10/2018;18;1;3;n/d
13/10/2018;19;1;3;n/d
13/10/2018;20;1;2;n/d
13/10/2018;21;1;2;n/d
13/10/2018;22;1;2;n/d
13/10/2018;23;0;3;n/d
13/10/2018;24;0;5;n/d
14/10/2018;1;0;4;n/d
14/10/2018;2;1;3;n/d
14/10/2018;3;1;3;n/d
14/10/2018;4;1;4;n/d
14/10/2018;5;0;4;n/d
14/10/2018;6;0;3;n/d
14/10/2018;7;1;4;n/d
14/10/2018;8;1;6;n/d
14/10/2018;9;1;10;n/d
14/10/2018;10;1;10;n/d
14/10/2018;11;1;7;n/d
14/10/2018;12;1;7;n/d
14/10/2018;13;1;6;n/d
14/10/2018;14;1;7;n/d
14/10/2018;15;1;6;n/d
14/10/2018;16;1;9;n/d
14/10/2018;17;1;9;n/d
14/10/2018;18;1;8;n/d
14/10/2018;19;1;8;n/d
14/10/2018;20;1;10;n/d
14/10/2018;21;1;9;n/d
14/10/2018;22;1;8;n/d
14/10/2018;23;1;4;n/d
14/10/2018;24;1;3;n/d
15/10/2018;1;1;2;n/d
15/10/2018;2;1;4;n/d
15/10/2018;3;1;3;n/d
15/10/2018;4;1;4;n/d
15/10/2018;5;1;5;n/d
15/10/2018;6;1;5;n/d
15/10/2018;7;1;7;n/d
15/10/2018;8;1;13;n/d
15/10/2018;9;1;39;n/d
15/10/2018;10;1;29;n/d
15/10/2018;11;1;10;n/d
15/10/2018;12;1;7;n/d
15/10/2018;13;1;6;n/d
15/10/2018;14;1;6;n/d
15/10/2018;15;1;7;n/d
15/10/2018;16;1;12;n/d
15/10/2018;17;1;16;n/d
15/10/2018;18;2;19;n/d
15/10/2018;19;3;18;n/d
15/10/2018;20;1;11;n/d
15/10/2018;21;1;4;n/d
15/10/2018;22;1;8;n/d
15/10/2018;23;1;6;n/d
15/10/2018;24;1;4;n/d
16/10/2018;1;1;4;n/d
16/10/2018;2;1;4;n/d
16/10/2018;3;2;6;n/d
16/10/2018;4;2;6;n/d
16/10/2018;5;1;3;n/d
16/10/2018;6;2;3;n/d
16/10/2018;7;1;3;n/d
16/10/2018;8;2;3;n/d
16/10/2018;9;2;45;n/d
16/10/2018;10;2;68;n/d
16/10/2018;11;2;61;n/d
16/10/2018;12;2;38;n/d
16/10/2018;13;1;14;n/d
16/10/2018;14;2;13;n/d
16/10/2018;15;2;13;n/d
16/10/2018;16;2;14;n/d
16/10/2018;17;2;13;n/d
16/10/2018;18;2;14;n/d
16/10/2018;19;1;5;n/d
16/10/2018;20;1;3;n/d
16/10/2018;21;2;4;n/d
16/10/2018;22;2;3;n/d
16/10/2018;23;0;4;n/d
16/10/2018;24;0;8;n/d
17/10/2018;1;0;9;n/d
17/10/2018;2;0;5;n/d
17/10/2018;3;0;6;n/d
17/10/2018;4;0;6;n/d
17/10/2018;5;0;11;n/d
17/10/2018;6;0;12;n/d
17/10/2018;7;0;37;n/d
17/10/2018;8;1;68;n/d
17/10/2018;9;1;68;n/d
17/10/2018;10;1;68;n/d
17/10/2018;11;1;68;n/d
17/10/2018;12;1;69;n/d
17/10/2018;13;1;65;20
17/10/2018;14;1;48;36
17/10/2018;15;1;37;43
17/10/2018;16;1;35;46
17/10/2018;17;1;34;50
17/10/2018;18;1;24;64
17/10/2018;19;1;12;74
17/10/2018;20;1;18;63
17/10/2018;21;1;16;59
17/10/2018;22;1;18;51
17/10/2018;23;1;18;47
17/10/2018;24;1;14;47
18/10/2018;1;1;18;35
18/10/2018;2;1;18;30
18/10/2018;3;1;15;37
18/10/2018;4;1;14;40
18/10/2018;5;1;18;40
18/10/2018;6;1;24;36
18/10/2018;7;1;27;32
18/10/2018;8;0;31;27
18/10/2018;9;1;25;32
18/10/2018;10;1;31;31
18/10/2018;11;3;33;37
18/10/2018;12;3;24;46
18/10/2018;13;3;21;55
18/10/2018;14;3;18;54
18/10/2018;15;2;19;54
18/10/2018;16;2;16;62
18/10/2018;17;1;17;61
18/10/2018;18;1;18;55
18/10/2018;19;1;20;53
18/10/2018;20;1;18;51
18/10/2018;21;1;20;41
18/10/2018;22;1;25;27
18/10/2018;23;1;26;25
18/10/2018;24;1;21;26
19/10/2018;1;1;19;24
19/10/2018;2;1;17;23
19/10/2018;3;1;16;22
19/10/2018;4;1;18;18
19/10/2018;5;1;22;14
19/10/2018;6;1;29;9
19/10/2018;7;1;32;7
19/10/2018;8;1;33;7
19/10/2018;9;1;25;13
19/10/2018;10;1;32;11
19/10/2018;11;2;35;15
19/10/2018;12;2;31;28
19/10/2018;13;2;23;38
19/10/2018;14;2;22;51
19/10/2018;15;2;22;48
19/10/2018;16;2;23;49
19/10/2018;17;2;31;39
19/10/2018;18;1;34;29
19/10/2018;19;1;27;37
19/10/2018;20;1;24;36
19/10/2018;21;1;26;29
19/10/2018;22;1;24;32
19/10/2018;23;1;18;41
19/10/2018;24;1;24;28
20/10/2018;1;1;24;25
20/10/2018;2;1;24;23
20/10/2018;3;1;24;20
20/10/2018;4;1;20;23
20/10/2018;5;1;19;23
20/10/2018;6;1;14;34
20/10/2018;7;1;13;34
20/10/2018;8;1;18;24
20/10/2018;9;2;21;29
20/10/2018;10;3;25;25
20/10/2018;11;3;24;32
20/10/2018;12;3;19;47
20/10/2018;13;2;19;48
20/10/2018;14;2;17;50
20/10/2018;15;2;20;51
20/10/2018;16;2;22;51
20/10/2018;17;2;31;43
20/10/2018;18;2;33;42
20/10/2018;19;2;22;54
20/10/2018;20;1;21;47
20/10/2018;21;1;19;43
20/10/2018;22;1;21;41
20/10/2018;23;1;19;39
20/10/2018;24;1;16;40
21/10/2018;1;1;14;40
21/10/2018;2;1;11;40
21/10/2018;3;1;14;35
21/10/2018;4;1;12;36
21/10/2018;5;1;14;32
21/10/2018;6;1;14;32
21/10/2018;7;1;9;35
21/10/2018;8;1;9;38
21/10/2018;9;1;8;43
21/10/2018;10;3;15;39
21/10/2018;11;3;41;20
21/10/2018;12;3;42;25
21/10/2018;13;4;45;30
21/10/2018;14;4;38;37
21/10/2018;15;3;29;44
21/10/2018;16;3;20;57
21/10/2018;17;2;15;63
21/10/2018;18;2;12;61
21/10/2018;19;2;13;62
21/10/2018;20;2;13;58
21/10/2018;21;2;10;56
21/10/2018;22;2;11;54
21/10/2018;23;2;16;49
21/10/2018;24;2;28;39
22/10/2018;1;2;21;45
22/10/2018;2;2;11;64
22/10/2018;3;2;11;61
22/10/2018;4;2;16;48
22/10/2018;5;2;20;39
22/10/2018;6;1;33;27
22/10/2018;7;1;30;22
22/10/2018;8;2;28;20
22/10/2018;9;1;17;35
22/10/2018;10;1;16;40
22/10/2018;11;1;16;40
22/10/2018;12;2;20;39
22/10/2018;13;2;18;43
22/10/2018;14;2;21;41
22/10/2018;15;2;17;49
22/10/2018;16;2;18;53
22/10/2018;17;2;19;53
22/10/2018;18;2;15;57
22/10/2018;19;2;15;55
22/10/2018;20;2;17;52
22/10/2018;21;2;16;54
22/10/2018;22;2;13;62
22/10/2018;23;1;12;63
22/10/2018;24;1;11;63
23/10/2018;1;1;14;58
23/10/2018;2;1;16;55
23/10/2018;3;1;18;53
23/10/2018;4;1;27;46
23/10/2018;5;1;9;68
23/10/2018;6;1;4;75
23/10/2018;7;1;4;73
23/10/2018;8;2;5;70
23/10/2018;9;2;5;62
23/10/2018;10;2;16;52
23/10/2018;11;3;18;52
23/10/2018;12;3;16;53
23/10/2018;13;3;15;56
23/10/2018;14;4;15;58
23/10/2018;15;3;11;66
23/10/2018;16;3;11;63
23/10/2018;17;2;19;52
23/10/2018;18;2;16;56
23/10/2018;19;2;14;58
23/10/2018;20;2;14;58
23/10/2018;21;1;13;53
23/10/2018;22;2;13;50
23/10/2018;23;1;10;51
23/10/2018;24;1;10;49
24/10/2018;1;1;9;48
24/10/2018;2;1;11;44
24/10/2018;3;1;10;42
24/10/2018;4;1;9;40
24/10/2018;5;1;11;35
24/10/2018;6;1;17;27
24/10/2018;7;1;24;21
24/10/2018;8;1;26;20
24/10/2018;9;2;25;20
24/10/2018;10;2;26;20
24/10/2018;11;2;25;22
24/10/2018;12;2;20;27
24/10/2018;13;2;19;26
24/10/2018;14;2;23;25
24/10/2018;15;2;22;26
24/10/2018;16;2;21;26
24/10/2018;17;2;20;29
24/10/2018;18;3;20;27
24/10/2018;19;3;21;29
24/10/2018;20;3;19;32
24/10/2018;21;3;15;34
24/10/2018;22;3;14;34
24/10/2018;23;1;10;41
24/10/2018;24;1;13;36
25/10/2018;1;1;6;48
25/10/2018;2;1;4;54
25/10/2018;3;1;7;50
25/10/2018;4;1;8;54
25/10/2018;5;1;9;55
25/10/2018;6;1;9;56
25/10/2018;7;1;7;57
25/10/2018;8;1;18;43
25/10/2018;9;1;20;41
25/10/2018;10;1;15;51
25/10/2018;11;1;18;45
25/10/2018;12;2;17;45
25/10/2018;13;3;18;45
25/10/2018;14;3;16;49
25/10/2018;15;3;20;46
25/10/2018;16;2;24;42
25/10/2018;17;2;33;29
25/10/2018;18;1;42;20
25/10/2018;19;2;40;22
25/10/2018;20;2;23;37
25/10/2018;21;1;20;35
25/10/2018;22;1;26;36
25/10/2018;23;0;40;19
25/10/2018;24;1;32;32
26/10/2018;1;0;21;42
26/10/2018;2;0;9;58
26/10/2018;3;1;11;51
26/10/2018;4;0;10;57
26/10/2018;5;0;10;57
26/10/2018;6;0;15;53
26/10/2018;7;0;15;54
26/10/2018;8;0;28;43
26/10/2018;9;0;23;44
26/10/2018;10;0;20;44
26/10/2018;11;0;14;55
26/10/2018;12;0;12;61
26/10/2018;13;0;13;64
26/10/2018;14;0;14;65
26/10/2018;15;0;11;66
26/10/2018;16;0;11;68
26/10/2018;17;0;9;67
26/10/2018;18;0;13;59
26/10/2018;19;0;13;60
26/10/2018;20;0;13;58
26/10/2018;21;0;14;57
26/10/2018;22;0;8;64
26/10/2018;23;1;10;61
26/10/2018;24;1;10;60
27/10/2018;1;1;13;54
27/10/2018;2;0;8;58
27/10/2018;3;0;9;60
27/10/2018;4;1;7;61
27/10/2018;5;1;8;60
27/10/2018;6;0;11;54
27/10/2018;7;0;13;51
27/10/2018;8;0;10;55
27/10/2018;9;0;21;38
27/10/2018;10;1;26;36
27/10/2018;11;1;24;39
27/10/2018;12;1;20;44
27/10/2018;13;1;16;49
27/10/2018;14;1;18;50
27/10/2018;15;1;18;51
27/10/2018;16;1;20;48
27/10/2018;17;1;17;53
27/10/2018;18;0;18;50
27/10/2018;19;0;23;48
27/10/2018;20;0;n/d;47
27/10/2018;21;0;n/d;43
27/10/2018;22;0;n/d;44
27/10/2018;23;0;n/d;38
27/10/2018;24;0;n/d;34
28/10/2018;1;0;n/d;37
28/10/2018;2;0;n/d;36
28/10/2018;3;0;n/d;35
28/10/2018;4;0;n/d;31
28/10/2018;5;0;n/d;33
28/10/2018;6;1;n/d;28
28/10/2018;7;0;n/d;24
28/10/2018;8;0;n/d;27
28/10/2018;9;1;n/d;29
28/10/2018;10;1;n/d;31
28/10/2018;11;1;n/d;32
28/10/2018;12;1;n/d;35
28/10/2018;13;1;n/d;39
28/10/2018;14;1;n/d;38
28/10/2018;15;1;n/d;36
28/10/2018;16;1;n/d;38
28/10/2018;17;1;n/d;37
28/10/2018;18;1;n/d;37
28/10/2018;19;1;n/d;40
28/10/2018;20;1;n/d;40
28/10/2018;21;1;n/d;40
28/10/2018;22;1;n/d;40
28/10/2018;23;1;n/d;38
28/10/2018;24;0;n/d;36
29/10/2018;1;1;n/d;33
29/10/2018;2;0;n/d;32
29/10/2018;3;0;n/d;n/d
29/10/2018;4;0;n/d;27
29/10/2018;5;1;n/d;25
29/10/2018;6;0;n/d;20
29/10/2018;7;1;n/d;15
29/10/2018;8;0;n/d;13
29/10/2018;9;1;n/d;17
29/10/2018;10;1;n/d;15
29/10/2018;11;1;n/d;14
29/10/2018;12;1;n/d;17
29/10/2018;13;1;n/d;16
29/10/2018;14;1;n/d;20
29/10/2018;15;1;n/d;16
29/10/2018;16;1;n/d;16
29/10/2018;17;1;n/d;17
29/10/2018;18;1;n/d;16
29/10/2018;19;1;n/d;17
29/10/2018;20;1;n/d;23
29/10/2018;21;1;n/d;26
29/10/2018;22;1;n/d;27
29/10/2018;23;1;n/d;27
29/10/2018;24;0;n/d;26
30/10/2018;1;0;n/d;26
30/10/2018;2;0;n/d;25
30/10/2018;3;0;n/d;27
30/10/2018;4;0;n/d;29
30/10/2018;5;0;n/d;34
30/10/2018;6;0;n/d;39
30/10/2018;7;0;n/d;36
30/10/2018;8;0;n/d;36
30/10/2018;9;1;n/d;45
30/10/2018;10;1;n/d;47
30/10/2018;11;1;n/d;49
30/10/2018;12;1;n/d;51
30/10/2018;13;1;n/d;55
30/10/2018;14;1;n/d;61
30/10/2018;15;1;n/d;64
30/10/2018;16;1;n/d;61
30/10/2018;17;1;n/d;62
30/10/2018;18;1;n/d;63
30/10/2018;19;1;n/d;57
30/10/2018;20;1;n/d;52
30/10/2018;21;1;n/d;51
30/10/2018;22;1;n/d;56
30/10/2018;23;1;n/d;53
30/10/2018;24;1;n/d;55
31/10/2018;1;1;n/d;54
31/10/2018;2;1;n/d;54
31/10/2018;3;1;n/d;61
31/10/2018;4;1;n/d;66
31/10/2018;5;1;n/d;53
31/10/2018;6;2;n/d;48
31/10/2018;7;2;n/d;40
31/10/2018;8;2;n/d;46
31/10/2018;9;2;n/d;44
31/10/2018;10;2;n/d;50
31/10/2018;11;2;n/d;27
31/10/2018;12;2;n/d;18
31/10/2018;13;3;n/d;26
31/10/2018;14;2;n/d;35
31/10/2018;15;2;n/d;35
31/10/2018;16;2;n/d;38
31/10/2018;17;2;n/d;34
31/10/2018;18;3;n/d;43
31/10/2018;19;5;n/d;39
31/10/2018;20;3;n/d;52
31/10/2018;21;3;n/d;53
31/10/2018;22;3;n/d;55
31/10/2018;23;3;n/d;59
31/10/2018;24;0;n/d;63
01/11/2018;1;0;n/d;66
01/11/2018;2;0;n/d;71
01/11/2018;3;0;n/d;73
01/11/2018;4;0;n/d;74
01/11/2018;5;0;n/d;76
01/11/2018;6;0;n/d;74
01/11/2018;7;0;n/d;72
01/11/2018;8;0;n/d;72
01/11/2018;9;0;n/d;68
01/11/2018;10;0;n/d;59
01/11/2018;11;0;n/d;52
01/11/2018;12;0;n/d;39
01/11/2018;13;0;n/d;43
01/11/2018;14;1;n/d;46
01/11/2018;15;0;n/d;42
01/11/2018;16;1;n/d;36
01/11/2018;17;1;n/d;35
01/11/2018;18;1;n/d;37
01/11/2018;19;1;n/d;75
01/11/2018;20;1;n/d;71
01/11/2018;21;1;n/d;65
01/11/2018;22;1;n/d;77
01/11/2018;23;1;n/d;76
01/11/2018;24;1;n/d;70
02/11/2018;1;1;n/d;72
02/11/2018;2;1;n/d;72
02/11/2018;3;1;n/d;69
02/11/2018;4;1;n/d;81
02/11/2018;5;1;n/d;76
02/11/2018;6;2;n/d;62
02/11/2018;7;2;n/d;58
02/11/2018;8;2;n/d;59
02/11/2018;9;2;n/d;43
02/11/2018;10;2;n/d;42
02/11/2018;11;3;n/d;42
02/11/2018;12;2;27;33
02/11/2018;13;2;19;48
02/11/2018;14;2;16;58
02/11/2018;15;2;16;61
02/11/2018;16;2;21;55
02/11/2018;17;2;29;48
02/11/2018;18;2;30;46
02/11/2018;19;1;18;58
02/11/2018;20;1;19;59
02/11/2018;21;1;37;41
02/11/2018;22;1;10;65
02/11/2018;23;1;12;63
02/11/2018;24;1;13;60
03/11/2018;1;1;23;49
03/11/2018;2;1;26;46
03/11/2018;3;1;16;52
03/11/2018;4;2;8;60
03/11/2018;5;1;12;57
03/11/2018;6;1;9;55
03/11/2018;7;2;21;44
03/11/2018;8;1;51;22
03/11/2018;9;1;45;29
03/11/2018;10;1;31;43
03/11/2018;11;1;33;40
03/11/2018;12;0;31;44
03/11/2018;13;0;36;44
03/11/2018;14;0;38;42
03/11/2018;15;0;52;30
03/11/2018;16;0;61;21
03/11/2018;17;0;63;17
03/11/2018;18;0;54;23
03/11/2018;19;0;25;49
03/11/2018;20;0;8;67
03/11/2018;21;0;6;70
03/11/2018;22;4;18;49
03/11/2018;23;3;10;52
03/11/2018;24;1;6;54
04/11/2018;1;1;5;54
04/11/2018;2;1;4;53
04/11/2018;3;1;10;46
04/11/2018;4;1;8;42
04/11/2018;5;1;5;41
04/11/2018;6;1;4;39
04/11/2018;7;1;4;44
04/11/2018;8;2;4;49
04/11/2018;9;2;3;58
04/11/2018;10;1;4;58
04/11/2018;11;1;16;36
04/11/2018;12;1;15;33
04/11/2018;13;2;18;33
04/11/2018;14;2;24;33
04/11/2018;15;2;28;31
04/11/2018;16;2;33;29
04/11/2018;17;3;27;32
04/11/2018;18;3;14;42
04/11/2018;19;3;12;43
04/11/2018;20;3;11;41
04/11/2018;21;2;8;45
04/11/2018;22;7;12;41
04/11/2018;23;18;20;36
04/11/2018;24;5;14;39
05/11/2018;1;2;11;40
05/11/2018;2;2;12;36
05/11/2018;3;1;9;34
05/11/2018;4;1;13;32
05/11/2018;5;1;11;30
05/11/2018;6;1;8;54
05/11/2018;7;1;3;80
05/11/2018;8;1;6;71
05/11/2018;9;1;15;55
05/11/2018;10;2;20;48
05/11/2018;11;2;23;40
05/11/2018;12;1;24;42
05/11/2018;13;1;19;50
05/11/2018;14;1;20;53
05/11/2018;15;1;24;47
05/11/2018;16;1;15;55
05/11/2018;17;3;28;38
05/11/2018;18;4;24;39
05/11/2018;19;3;30;35
05/11/2018;20;2;21;47
05/11/2018;21;1;8;63
05/11/2018;22;1;9;59
05/11/2018;23;1;9;58
05/11/2018;24;0;7;59
06/11/2018;1;0;7;59
06/11/2018;2;0;6;59
06/11/2018;3;0;6;59
06/11/2018;4;0;6;59
06/11/2018;5;0;6;60
06/11/2018;6;0;6;60
06/11/2018;7;1;8;59
06/11/2018;8;1;18;47
06/11/2018;9;1;15;54
06/11/2018;10;1;19;50
06/11/2018;11;1;17;62
06/11/2018;12;1;13;65
06/11/2018;13;1;11;79
06/11/2018;14;1;8;86
06/11/2018;15;1;7;80
06/11/2018;16;1;11;59
06/11/2018;17;0;12;59
06/11/2018;18;1;15;57
06/11/2018;19;0;16;55
06/11/2018;20;0;11;59
06/11/2018;21;1;12;56
06/11/2018;22;0;10;58
06/11/2018;23;1;8;59
06/11/2018;24;2;9;57
07/11/2018;1;2;8;57
07/11/2018;2;2;8;53
07/11/2018;3;2;7;54
07/11/2018;4;2;6;58
07/11/2018;5;2;6;59
07/11/2018;6;2;10;56
07/11/2018;7;2;13;50
07/11/2018;8;2;15;46
07/11/2018;9;2;14;47
07/11/2018;10;3;13;49
07/11/2018;11;2;12;49
07/11/2018;12;2;11;50
07/11/2018;13;2;11;51
07/11/2018;14;2;9;54
07/11/2018;15;2;9;57
07/11/2018;16;2;9;59
07/11/2018;17;3;9;60
07/11/2018;18;3;10;59
07/11/2018;19;3;13;54
07/11/2018;20;3;11;59
07/11/2018;21;3;7;62
07/11/2018;22;3;7;62
07/11/2018;23;3;5;61
07/11/2018;24;1;4;61
08/11/2018;1;1;4;68
08/11/2018;2;1;3;66
08/11/2018;3;1;5;57
08/11/2018;4;1;7;52
08/11/2018;5;1;9;49
08/11/2018;6;1;18;41
08/11/2018;7;2;29;32
08/11/2018;8;1;39;23
08/11/2018;9;1;36;27
08/11/2018;10;1;34;31
08/11/2018;11;1;43;28
08/11/2018;12;1;31;41
08/11/2018;13;2;25;51
08/11/2018;14;1;25;53
08/11/2018;15;2;18;61
08/11/2018;16;1;18;59
08/11/2018;17;1;22;54
08/11/2018;18;1;27;46
08/11/2018;19;1;22;50
08/11/2018;20;1;16;54
08/11/2018;21;2;16;53
08/11/2018;22;2;18;48
08/11/2018;23;2;13;51
08/11/2018;24;1;13;51
09/11/2018;1;0;6;56
09/11/2018;2;0;8;51
09/11/2018;3;0;6;51
09/11/2018;4;0;7;49
09/11/2018;5;1;4;63
09/11/2018;6;0;3;66
09/11/2018;7;1;3;68
09/11/2018;8;0;3;70
09/11/2018;9;0;6;66
09/11/2018;10;1;21;41
09/11/2018;11;0;13;48
09/11/2018;12;1;21;38
09/11/2018;13;1;19;42
09/11/2018;14;1;17;47
09/11/2018;15;1;12;56
09/11/2018;16;1;14;57
09/11/2018;17;0;15;53
09/11/2018;18;0;13;56
09/11/2018;19;1;6;64
09/11/2018;20;1;6;67
09/11/2018;21;1;8;62
09/11/2018;22;1;8;64
09/11/2018;23;1;7;61
09/11/2018;24;1;7;61
10/11/2018;1;1;5;63
10/11/2018;2;1;4;62
10/11/2018;3;1;3;63
10/11/2018;4;1;3;63
10/11/2018;5;1;3;64
10/11/2018;6;1;3;62
10/11/2018;7;1;4;60
10/11/2018;8;1;5;57
10/11/2018;9;1;8;54
10/11/2018;10;1;9;53
10/11/2018;11;1;7;54
10/11/2018;12;1;8;54
10/11/2018;13;2;6;89
10/11/2018;14;1;8;70
10/11/2018;15;1;8;58
10/11/2018;16;2;8;61
10/11/2018;17;1;8;58
10/11/2018;18;2;7;61
10/11/2018;19;2;8;61
10/11/2018;20;2;6;62
10/11/2018;21;2;5;62
10/11/2018;22;2;5;60
10/11/2018;23;2;5;61
10/11/2018;24;0;5;61
